{"payload":{"fileName":"/n/holylfs05/LABS/pfister_lab/Lab/coxfs01/pfister_lab2/Lab/tkaminsky/spixel_net/spixel_net/cityscapes.py","local_timestamp":1677344099545},"type":"ws_msg"}
{"payload":{"additional_params":{"assetId":"e958fa0349b54f3ab2f631ca3fcba52c","context":null,"extension":"py","fileName":"cityscapes.py","overwrite":false,"runId":null,"step":null,"type":"source_code"},"clean":true,"file_path":"tmpemtv1d6z","local_timestamp":1677344099780,"metadata":{"source_code_type":"experiment_creation"},"upload_type":"source_code"},"type":"file_upload"}
{"payload":{"installed_packages":["absl-py==1.4.0","aiohttp==3.8.4","aiosignal==1.2.0","async-timeout==4.0.2","asynctest==0.13.0","attrs==22.2.0","cachetools==4.2.4","certifi==2021.5.30","charset-normalizer==2.0.12","colorama==0.4.5","comet-ml==3.32.2","configobj==5.0.8","cycler==0.11.0","dataclasses==0.8","dulwich==0.20.50","efficientnet-pytorch==0.7.1","everett==3.1.0","frozenlist==1.2.0","fsspec==2022.1.0","future==0.18.3","google-auth-oauthlib==0.4.6","google-auth==2.16.1","grpcio==1.48.2","idna-ssl==1.1.0","idna==3.4","importlib-metadata==4.8.3","importlib-resources==5.4.0","jsonschema==3.2.0","kiwisolver==1.3.1","markdown==3.3.7","matplotlib==3.3.4","mkl-fft==1.3.0","mkl-random==1.1.1","mkl-service==2.3.0","multidict==5.2.0","munch==2.5.0","numpy==1.19.2","oauthlib==3.2.2","olefile==0.46","packaging==21.3","pillow==8.3.1","pip==21.2.2","pretrainedmodels==0.7.4","protobuf==3.19.6","pyasn1-modules==0.2.8","pyasn1==0.4.8","pydeprecate==0.3.1","pyparsing==3.0.9","pyrsistent==0.18.0","python-box==6.0.2","python-dateutil==2.8.2","pytorch-lightning==1.5.10","pyyaml==6.0","requests-oauthlib==1.3.1","requests-toolbelt==0.10.1","requests==2.27.1","rsa==4.9","scipy==1.5.3","segmentation-models-pytorch==0.3.1","semantic-version==2.10.0","sentry-sdk==1.15.0","setuptools==59.5.0","simplejson==3.18.3","six==1.16.0","tensorboard-data-server==0.6.1","tensorboard-plugin-wit==1.8.1","tensorboard==2.10.1","timm==0.4.12","torch==1.10.2","torchmetrics==0.8.2","torchvision==0.11.3","tornado==6.1","tqdm==4.64.1","typing-extensions==4.1.1","urllib3==1.26.14","websocket-client==1.3.1","werkzeug==2.0.3","wheel==0.37.1","wrapt==1.14.1","wurlitzer==3.0.3","yarl==1.7.2","zipp==3.6.0"],"local_timestamp":1677344099781},"type":"ws_msg"}
{"payload":{"env_details":{"command":["cityscapes.py"],"env":null,"hostname":"holygpu7c1726.rc.fas.harvard.edu","ip":"10.31.143.142","machine":"x86_64","os":"Linux-3.10.0-1160.36.2.el7.x86_64-x86_64-with-centos-7.9.2009-Core","os_release":"3.10.0-1160.36.2.el7.x86_64","os_type":"Linux","pid":25375,"processor":"x86_64","python_exe":"/n/home02/tkaminsky/.conda/envs/spixel_env/bin/python","python_version":"3.6.13","python_version_verbose":"3.6.13 |Anaconda, Inc.| (default, Jun  4 2021, 14:25:59) \n[GCC 7.5.0]","user":"tkaminsky"},"local_timestamp":1677344099812},"type":"ws_msg"}
{"payload":{"gpu_static_info":[{"gpu_index":0,"name":"NVIDIA GeForce GTX 1080","power_limit":180000,"total_memory":8589934592,"uuid":"GPU-2aa25680-4430-d07d-6a84-8c179c746efb"}],"local_timestamp":1677344099828},"type":"ws_msg"}
{"payload":{"local_timestamp":1677344099829,"metric":{"epoch":null,"metricName":"sys.gpu.0.total_memory","metricValue":8589934592,"step":null}},"type":"metric_msg"}
{"payload":{"local_timestamp":1677344099835,"log_other":{"key":"offline_experiment","val":true}},"type":"ws_msg"}
{"payload":{"local_timestamp":1677344099835,"log_other":{"key":"Name","val":"starter"}},"type":"ws_msg"}
{"payload":{"local_timestamp":1677344099836,"param":{"paramName":"batch_size","paramValue":4,"source":"manual","step":null}},"type":"parameter_msg"}
{"payload":{"local_timestamp":1677344099836,"param":{"paramName":"crop_size","paramValue":768,"source":"manual","step":null}},"type":"parameter_msg"}
{"payload":{"local_timestamp":1677344099836,"param":{"paramName":"data_root","paramValue":"../../../vcg_natural/cityscape","source":"manual","step":null}},"type":"parameter_msg"}
{"payload":{"local_timestamp":1677344099836,"param":{"paramName":"exp_name","paramValue":"starter","source":"manual","step":null}},"type":"parameter_msg"}
{"payload":{"local_timestamp":1677344099836,"param":{"paramName":"lr","paramValue":0.007,"source":"manual","step":null}},"type":"parameter_msg"}
{"payload":{"local_timestamp":1677344099836,"param":{"paramName":"model","paramValue":"tu-xception65","source":"manual","step":null}},"type":"parameter_msg"}
{"payload":{"local_timestamp":1677344099836,"param":{"paramName":"n_cpus","paramValue":16,"source":"manual","step":null}},"type":"parameter_msg"}
{"payload":{"local_timestamp":1677344099836,"param":{"paramName":"n_iters","paramValue":60000,"source":"manual","step":null}},"type":"parameter_msg"}
{"payload":{"local_timestamp":1677344099836,"param":{"paramName":"num_classes","paramValue":20,"source":"manual","step":null}},"type":"parameter_msg"}
{"payload":{"local_timestamp":1677344099836,"param":{"paramName":"parallel_mode","paramValue":"dp","source":"manual","step":null}},"type":"parameter_msg"}
{"payload":{"local_timestamp":1677344099845,"metric":{"epoch":null,"metricName":"sys.gpu.0.free_memory","metricValue":8511881216,"step":null}},"type":"metric_msg"}
{"payload":{"local_timestamp":1677344099845,"metric":{"epoch":null,"metricName":"sys.gpu.0.gpu_utilization","metricValue":0,"step":null}},"type":"metric_msg"}
{"payload":{"local_timestamp":1677344099845,"metric":{"epoch":null,"metricName":"sys.gpu.0.power_usage","metricValue":7389,"step":null}},"type":"metric_msg"}
{"payload":{"local_timestamp":1677344099845,"metric":{"epoch":null,"metricName":"sys.gpu.0.temperature","metricValue":36,"step":null}},"type":"metric_msg"}
{"payload":{"local_timestamp":1677344099845,"metric":{"epoch":null,"metricName":"sys.gpu.0.used_memory","metricValue":78053376,"step":null}},"type":"metric_msg"}
{"payload":{"git_meta":{"branch":"refs/heads/main","origin":"git@github.com:tkaminsky/spixel_net.git","parent":"446586e9f46d33c7f343d065ef5e6f9ed853ef89","repo_name":"spixel_net","root":"9713bb873fd13fc1d7e502269440c01c6a850d49","status":null,"user":"Thomas Kaminsky"},"local_timestamp":1677344100134},"type":"ws_msg"}
{"payload":{"local_timestamp":1677344100744,"stderr":false,"stdout":"{'exp_name': 'starter', 'data_root': '../../../vcg_natural/cityscape', 'model': 'tu-xception65', 'batch_size': 4, 'parallel_mode': 'dp', 'crop_size': 768, 'num_classes': 20, 'n_iters': 60000, 'lr': 0.007, 'n_cpus': 16, 'log_dir': 'tkaminsky/logs/starter'}"},"type":"ws_msg"}
{"payload":{"local_timestamp":1677344100745,"stderr":false,"stdout":"\n"},"type":"ws_msg"}
{"payload":{"local_timestamp":1677344100816,"stderr":false,"stdout":"2975"},"type":"ws_msg"}
{"payload":{"local_timestamp":1677344100816,"stderr":false,"stdout":" "},"type":"ws_msg"}
{"payload":{"local_timestamp":1677344100817,"stderr":false,"stdout":"500"},"type":"ws_msg"}
{"payload":{"local_timestamp":1677344100817,"stderr":false,"stdout":" "},"type":"ws_msg"}
{"payload":{"local_timestamp":1677344100817,"stderr":false,"stdout":"1525"},"type":"ws_msg"}
{"payload":{"local_timestamp":1677344100818,"stderr":false,"stdout":" "},"type":"ws_msg"}
{"payload":{"local_timestamp":1677344100818,"stderr":false,"stdout":"743"},"type":"ws_msg"}
{"payload":{"local_timestamp":1677344100818,"stderr":false,"stdout":"\n"},"type":"ws_msg"}
{"payload":{"local_timestamp":1677344100903,"stderr":true,"stdout":"Traceback (most recent call last):\n"},"type":"ws_msg"}
{"payload":{"local_timestamp":1677344100904,"stderr":true,"stdout":"  File \"cityscapes.py\", line 195, in <module>\n"},"type":"ws_msg"}
{"payload":{"local_timestamp":1677344100905,"stderr":true,"stdout":"    "},"type":"ws_msg"}
{"payload":{"local_timestamp":1677344100905,"stderr":true,"stdout":"max_epochs=args['epochs'], log_every_n_steps=1,\\"},"type":"ws_msg"}
{"payload":{"local_timestamp":1677344100905,"stderr":true,"stdout":"\n"},"type":"ws_msg"}
{"payload":{"local_timestamp":1677344100905,"stderr":true,"stdout":"KeyError"},"type":"ws_msg"}
{"payload":{"local_timestamp":1677344100911,"stderr":true,"stdout":": "},"type":"ws_msg"}
{"payload":{"local_timestamp":1677344100911,"stderr":true,"stdout":"'epochs'"},"type":"ws_msg"}
{"payload":{"local_timestamp":1677344100912,"stderr":true,"stdout":"\n"},"type":"ws_msg"}
{"payload":{"local_timestamp":1677344110023,"stderr":true,"stdout":"COMET WARNING: Unknown error exporting current conda environment\n"},"type":"ws_msg"}
{"payload":{"additional_params":{"assetId":"e5a7630588f64c66975b51a4fac22869","context":null,"epoch":null,"extension":"txt","fileName":"conda-spec.txt","overwrite":false,"runId":null,"step":null,"type":"conda-specification"},"clean":true,"file_path":"tmpf4t_lt01","local_timestamp":1677344110799,"metadata":{},"upload_type":"conda-specification"},"type":"file_upload"}
{"payload":{"additional_params":{"assetId":"c9c9bf71878e49959e6b350f58226c9e","context":null,"epoch":null,"extension":"yml","fileName":"conda-info.yml","overwrite":false,"runId":null,"step":null,"type":"conda-info"},"clean":true,"file_path":"tmp1omcyzic","local_timestamp":1677344111468,"metadata":{},"upload_type":"conda-info"},"type":"file_upload"}
{"payload":{"local_timestamp":1677344111471,"stderr":true,"stdout":"COMET INFO: ---------------------------------------------------------------------------------------\nCOMET INFO: Comet.ml OfflineExperiment Summary\nCOMET INFO: ---------------------------------------------------------------------------------------\nCOMET INFO:   Data:\nCOMET INFO:     display_summary_level : 1\nCOMET INFO:     url                   : [OfflineExperiment will get URL after upload]\nCOMET INFO:   Others:\nCOMET INFO:     Name               : starter\nCOMET INFO:     offline_experiment : True\nCOMET INFO:   Parameters:\nCOMET INFO:     batch_size    : 4\nCOMET INFO:     crop_size     : 768\nCOMET INFO:     data_root     : ../../../vcg_natural/cityscape\nCOMET INFO:     exp_name      : starter\nCOMET INFO:     lr            : 0.007\nCOMET INFO:     model         : tu-xception65\nCOMET INFO:     n_cpus        : 16\nCOMET INFO:     n_iters       : 60000\nCOMET INFO:     num_classes   : 20\nCOMET INFO:     parallel_mode : dp\nCOMET INFO:   Uploads:\nCOMET INFO:     conda-info          : 1\nCOMET INFO:     conda-specifica"},"type":"ws_msg"}
{"payload":{"local_timestamp":1677344111471,"stderr":true,"stdout":"tion : 1\nCOMET INFO:     environment details : 1\nCOMET INFO:     filename            : 1\nCOMET INFO:     git metadata        : 1\nCOMET INFO:     installed packages  : 1\nCOMET INFO:     source_code         : 1 (8.92 KB)\nCOMET INFO: \n"},"type":"ws_msg"}
